{
  "ba": {
    "start": 0,
    "duration": 0.862041
  },
  "be": {
    "start": 1.362041,
    "duration": 0.862041
  },
  "bi": {
    "start": 2.724082,
    "duration": 0.862041
  },
  "bo": {
    "start": 4.086123000000001,
    "duration": 0.862041
  },
  "bu": {
    "start": 5.448164,
    "duration": 0.862041
  },
  "ca": {
    "start": 6.810205,
    "duration": 0.888163
  },
  "ce": {
    "start": 8.198368,
    "duration": 0.914286
  },
  "ci": {
    "start": 9.612654000000001,
    "duration": 0.914286
  },
  "co": {
    "start": 11.026940000000002,
    "duration": 0.914286
  },
  "cu": {
    "start": 12.441226000000002,
    "duration": 0.914286
  },
  "da": {
    "start": 13.855512000000003,
    "duration": 0.809796
  },
  "de": {
    "start": 15.165308000000003,
    "duration": 0.809796
  },
  "di": {
    "start": 16.475104,
    "duration": 0.809796
  },
  "do": {
    "start": 17.7849,
    "duration": 0.835918
  },
  "du": {
    "start": 19.120818,
    "duration": 0.835918
  },
  "fa": {
    "start": 20.456736,
    "duration": 0.888163
  },
  "fe": {
    "start": 21.844898999999998,
    "duration": 0.888163
  },
  "fi": {
    "start": 23.233061999999997,
    "duration": 0.888163
  },
  "fo": {
    "start": 24.621224999999995,
    "duration": 0.914286
  },
  "fu": {
    "start": 26.035510999999996,
    "duration": 0.914286
  },
  "ga": {
    "start": 27.449796999999997,
    "duration": 0.835918
  },
  "ge": {
    "start": 28.785714999999996,
    "duration": 0.914286
  },
  "gi": {
    "start": 30.200000999999997,
    "duration": 0.914286
  },
  "go": {
    "start": 31.614286999999997,
    "duration": 0.835918
  },
  "gu": {
    "start": 32.950205,
    "duration": 0.835918
  },
  "ja": {
    "start": 34.286122999999996,
    "duration": 0.914286
  },
  "je": {
    "start": 35.70040899999999,
    "duration": 0.914286
  },
  "ji": {
    "start": 37.11469499999999,
    "duration": 0.914286
  },
  "jo": {
    "start": 38.52898099999999,
    "duration": 0.914286
  },
  "ju": {
    "start": 39.943266999999985,
    "duration": 0.914286
  },
  "la": {
    "start": 41.35755299999998,
    "duration": 0.862041
  },
  "le": {
    "start": 42.71959399999998,
    "duration": 0.862041
  },
  "li": {
    "start": 44.08163499999998,
    "duration": 0.862041
  },
  "lo": {
    "start": 45.443675999999975,
    "duration": 0.888163
  },
  "lu": {
    "start": 46.831838999999974,
    "duration": 0.888163
  },
  "ma": {
    "start": 48.22000199999997,
    "duration": 0.888163
  },
  "me": {
    "start": 49.60816499999997,
    "duration": 0.888163
  },
  "mi": {
    "start": 50.99632799999997,
    "duration": 0.888163
  },
  "mo": {
    "start": 52.38449099999997,
    "duration": 0.888163
  },
  "mu": {
    "start": 53.77265399999997,
    "duration": 0.888163
  },
  "na": {
    "start": 55.160816999999966,
    "duration": 0.888163
  },
  "ne": {
    "start": 56.548979999999965,
    "duration": 0.888163
  },
  "ni": {
    "start": 57.93714299999996,
    "duration": 0.888163
  },
  "no": {
    "start": 59.32530599999996,
    "duration": 0.888163
  },
  "nu": {
    "start": 60.71346899999996,
    "duration": 0.888163
  },
  "ña": {
    "start": 62.10163199999996,
    "duration": 0.966531
  },
  "ñe": {
    "start": 63.56816299999996,
    "duration": 0.940408
  },
  "ñi": {
    "start": 65.00857099999996,
    "duration": 0.914286
  },
  "ño": {
    "start": 66.42285699999996,
    "duration": 0.966531
  },
  "ñu": {
    "start": 67.88938799999997,
    "duration": 0.940408
  },
  "pa": {
    "start": 69.32979599999997,
    "duration": 0.888163
  },
  "pe": {
    "start": 70.71795899999998,
    "duration": 0.888163
  },
  "pi": {
    "start": 72.10612199999998,
    "duration": 0.888163
  },
  "po": {
    "start": 73.49428499999999,
    "duration": 0.888163
  },
  "pu": {
    "start": 74.882448,
    "duration": 0.888163
  },
  "ra": {
    "start": 76.270611,
    "duration": 0.888163
  },
  "re": {
    "start": 77.65877400000001,
    "duration": 0.888163
  },
  "ri": {
    "start": 79.04693700000001,
    "duration": 0.888163
  },
  "ro": {
    "start": 80.43510000000002,
    "duration": 0.914286
  },
  "ru": {
    "start": 81.84938600000002,
    "duration": 0.914286
  },
  "sa": {
    "start": 83.26367200000003,
    "duration": 0.888163
  },
  "se": {
    "start": 84.65183500000003,
    "duration": 0.888163
  },
  "si": {
    "start": 86.03999800000004,
    "duration": 0.888163
  },
  "so": {
    "start": 87.42816100000005,
    "duration": 0.888163
  },
  "su": {
    "start": 88.81632400000005,
    "duration": 0.914286
  },
  "ta": {
    "start": 90.23061000000006,
    "duration": 0.862041
  },
  "te": {
    "start": 91.59265100000006,
    "duration": 0.862041
  },
  "ti": {
    "start": 92.95469200000007,
    "duration": 0.862041
  },
  "to": {
    "start": 94.31673300000007,
    "duration": 0.888163
  },
  "tu": {
    "start": 95.70489600000008,
    "duration": 0.862041
  },
  "va": {
    "start": 97.06693700000008,
    "duration": 0.862041
  },
  "ve": {
    "start": 98.42897800000009,
    "duration": 0.862041
  },
  "vi": {
    "start": 99.79101900000009,
    "duration": 0.862041
  },
  "vo": {
    "start": 101.1530600000001,
    "duration": 0.862041
  },
  "vu": {
    "start": 102.5151010000001,
    "duration": 0.862041
  },
  "cha": {
    "start": 103.8771420000001,
    "duration": 0.914286
  },
  "che": {
    "start": 105.29142800000011,
    "duration": 0.914286
  },
  "chi": {
    "start": 106.70571400000011,
    "duration": 0.914286
  },
  "cho": {
    "start": 108.12000000000012,
    "duration": 0.914286
  },
  "chu": {
    "start": 109.53428600000012,
    "duration": 0.914286
  },
  "lla": {
    "start": 110.94857200000013,
    "duration": 0.914286
  },
  "lle": {
    "start": 112.36285800000013,
    "duration": 0.914286
  },
  "llo": {
    "start": 113.77714400000013,
    "duration": 0.940408
  },
  "llu": {
    "start": 115.21755200000014,
    "duration": 0.940408
  },
  "ya": {
    "start": 116.65796000000014,
    "duration": 0.914286
  },
  "ye": {
    "start": 118.07224600000015,
    "duration": 0.914286
  },
  "yo": {
    "start": 119.48653200000015,
    "duration": 0.940408
  },
  "yu": {
    "start": 120.92694000000016,
    "duration": 0.940408
  },
  "za": {
    "start": 122.36734800000016,
    "duration": 0.914286
  },
  "ze": {
    "start": 123.78163400000017,
    "duration": 0.914286
  },
  "zo": {
    "start": 125.19592000000017,
    "duration": 0.914286
  },
  "zu": {
    "start": 126.61020600000018,
    "duration": 0.914286
  },
  "an": {
    "start": 128.02449200000018,
    "duration": 0.914286
  },
  "en": {
    "start": 129.43877800000018,
    "duration": 0.914286
  },
  "in": {
    "start": 130.8530640000002,
    "duration": 0.914286
  },
  "on": {
    "start": 132.2673500000002,
    "duration": 0.862041
  },
  "un": {
    "start": 133.6293910000002,
    "duration": 0.914286
  },
  "ar": {
    "start": 135.0436770000002,
    "duration": 0.835918
  },
  "er": {
    "start": 136.3795950000002,
    "duration": 0.835918
  },
  "ir": {
    "start": 137.7155130000002,
    "duration": 0.835918
  },
  "or": {
    "start": 139.05143100000018,
    "duration": 0.835918
  },
  "ur": {
    "start": 140.38734900000017,
    "duration": 0.835918
  },
  "al": {
    "start": 141.72326700000016,
    "duration": 0.914286
  },
  "el": {
    "start": 143.13755300000017,
    "duration": 0.914286
  },
  "ol": {
    "start": 144.55183900000017,
    "duration": 0.914286
  },
  "as": {
    "start": 145.96612500000018,
    "duration": 0.888163
  },
  "es": {
    "start": 147.35428800000017,
    "duration": 0.888163
  },
  "os": {
    "start": 148.74245100000016,
    "duration": 0.914286
  }
}